Date,N,epsilon,segment
0,0.0,-0.8831561951101692,0
1,0.0,-0.5189377223679732,0
2,0.0,0.04744731468114022,0
3,-0.826387590194094,-0.826387590194094,0
4,-0.756553401635308,-0.012804570460623445,0
5,0.9941063460805653,1.6832682834542834,0
6,1.4759738843962409,0.5971075828420261,0
7,1.4665073088272251,0.13575528342615575,0
8,1.0305949971635289,-0.31396238308574187,0
9,0.6613849221469743,-0.2955753872324364,0
10,-0.7520253924506455,-1.37224284544283,0
11,-2.1638773236787876,-1.5039742696663116,0
12,-2.733143736312344,-0.7847477402983986,0
13,-2.104222799998934,0.3847655898434698,0
14,-2.0772234690327283,-0.13445273843377653,0
15,-1.8416369366271546,0.07623785086541389,0
16,-1.0735346912138817,0.6257530144408742,0
17,-0.5735182702884949,0.4318515558605976,0
18,0.07437904306514775,0.6196972026032036,0
19,0.11559670453810277,0.06512609539449354,0
20,1.0400322529347927,0.9409866111227336,0
21,0.048973269119160334,-0.8889555159981856,0
22,0.23704545856554973,0.18141322678357646,0
23,-0.23678518694842887,-0.46101615487796316,0
24,1.2435978171203617,1.4538442980971005,0
25,0.43662054643865567,-0.6826200916858411,0
26,-0.08450583307493426,-0.48753245117144367,0
27,-0.5251201665294185,-0.4658671003975679,0
28,0.12691885715735896,0.5960058599001984,0
29,0.5044844788626898,0.39635376741711026,0
30,-1.178791603909054,-1.6288456217917542,0
31,-1.3435053885293327,-0.28890697837138435,0
32,-1.0021562219203912,0.2137416990064721,0
33,-0.2814638373395112,0.6456997323132249,0
34,1.0921484313991257,1.368922501109183,0
35,-0.43720843981544333,-1.4073058274820573,0
36,0.5450672980534723,0.9304480479467753,0
37,-0.15103151490216282,-0.6481414830661247,0
38,0.3162707723047349,0.45112054713430116,0
39,1.2019672852894234,0.9133832323836489,0
40,0.21103133340458824,-0.8723916159299187,0
41,0.5914565687576352,0.3863459881175642,0
42,1.8648037056463251,1.3183628075775133,0
43,1.7027351761071687,0.016386962003853988,0
44,2.4514391918695373,0.894414930629046,0
45,1.600315031328544,-0.6416556301715747,0
46,1.6219675940752465,0.1401423221997897,0
47,0.7328364333041605,-0.7674519435955421,0
48,-0.1571389797946383,-0.8489145960224207,0
49,0.7782691298632526,0.896146171404633,0
50,0.19890418415286448,-0.5072950072591581,0
51,0.36684338746762446,0.18161832022936025,0
52,1.8434713937474174,1.5035406118863943,0
53,2.4640879566772615,0.7993062265883811,0
54,4.223811992527587,1.9840296837059006,0
55,3.0650243901147824,-0.7794819966642925,0
56,2.0354380842329425,-0.7899628663624101,0
57,3.507197451589806,1.602414811953734,0
58,3.9260709680105794,0.7185886368362768,0
59,3.056193518252261,-0.5326967083154883,0
60,1.5199176926571998,-1.3049891579658393,0
61,2.1792853902911355,0.7415368220370275,0
62,3.3410414175668164,1.3339234541957,0
63,3.946519107854763,0.9025898012151441,0
64,3.1783833543100326,-0.42868711083783423,0
65,4.008593793017942,1.0751731688846966,0
66,3.548850370181015,-0.130133068156781,0
67,2.354762580478935,-0.9110725241572579,0
68,2.9685039734259075,0.7736432093628766,0
69,3.9608611556987343,1.230171450108818,0
70,2.738127512793393,-0.8798801928745169,0
71,2.9834045634820288,0.4497961506767285,0
72,2.9700712159598153,0.21801722214106842,0
73,3.150660746986653,0.42038133186006504,0
74,3.0319925349621606,0.136863104879754,0
75,1.5651944076597961,-1.2248061934356134,0
76,3.3446887081620176,1.8741872084487132,0
77,2.795021496846121,-0.26117020992591494,0
78,1.7549560411009968,-0.8096621372187299,0
79,1.9923461600210974,0.35148862098011885,0
80,1.8138301176854597,-0.024781201712999145,0
81,1.7849030537565371,0.11498292582840261,0
82,0.9040753319744548,-0.7403991791834943,0
83,0.04853786816540462,-0.8011172623260246,0
84,0.6699692922841171,0.599395427077943,0
85,-0.6859751249556493,-1.2984736200127531,0
86,-0.41297283259130907,0.1972197082642802,0
87,-0.19361067722674605,0.17822493043214746,0
88,-3.0294699523312785,-2.8442308632517372,0
89,-2.360043206323713,0.37254558587261843,0
90,-3.4007131080404083,-1.244443416053486,0
91,-3.794933344841807,-0.6803964160188898,0
92,-2.9576233421189277,0.5154242313823404,0
93,-3.4730530809313405,-0.7392356084954832,0
94,-3.2312616784770816,-0.037988338769268035,0
95,-3.9940570495180827,-1.0216147746582065,0
96,-4.096345764812606,-0.4346512726522471,0
97,-3.4802074149261357,0.27875696068516115,0
98,-4.297447091385175,-1.0843563898083453,0
99,-4.014283331956794,-0.07081541791274953,0
100,-4.187306559804374,-0.4966750159801459,0
101,-3.6901302465185433,0.1615629615388131,0
102,-3.669349577238369,-0.26621645645406833,0
103,-3.4926209671060597,-0.11143197952829803,0
104,-4.0769892921169735,-0.8600356234839499,0
105,-3.878412835203352,-0.1375027668546315,0
106,-4.516839240441539,-0.9505715861662919,0
107,-3.442787199852218,0.7019221378183703,0
108,-5.775971666961249,-2.593510666337804,0
109,-6.554538685716755,-1.2765679210486938,0
110,-5.386258349227459,0.6050140565857551,0
111,-4.687825381079524,0.2831122367519699,0
112,-4.632186206201473,-0.29373539288045825,0
113,-4.521388177869747,-0.2516797549853515,0
114,-4.968748901973871,-0.8062994260182893,0
115,-4.804888844656017,-0.24147908903882098,0
116,-3.96858239309675,0.4507189378921023,0
117,-2.677999621676267,0.991460909577106,0
118,-1.6649975165374098,0.8329368553487583,0
119,-1.2771535749649399,0.287810010066459,0
120,-2.5233911619381395,-1.3305229730875567,0
121,-3.366509907051946,-1.0660363503925974,0
122,-3.926175345592207,-0.8583109818764245,0
123,-4.531049689399836,-0.9385928676769485,0
124,-4.314553692174589,-0.16368211918829315,0
125,-5.317911675578481,-1.350241102271431,0
126,-3.8150632295403013,1.0595133122960765,0
127,-5.515747156886431,-1.9858655966226295,0
128,-5.141725683583899,-0.08622349333492356,0
129,-3.513879136723561,1.2069820823662147,0
130,-2.9491713351736886,0.3198946162822198,0
131,-0.32023283931032775,2.420577410549067,0
132,1.5865649077774773,1.9394049678757448,0
133,2.9623896607697895,1.5671752855149002,0
134,3.047306296940256,0.36849228156277397,0
135,2.239917500763139,-0.5481477121685638,0
136,1.6976390649183828,-0.3783836453455431,0
137,2.108717205711703,0.5279698093081244,0
138,2.1964487928016307,0.259227742004283,0
139,3.4197736021032656,1.4049061258754971,0
140,1.2086529671507624,-1.9121949347273102,0
141,3.4394631867159813,2.295513292331246,0
142,2.919018032103544,-0.2227831016333798,0
143,3.4363711258714433,0.762773735439586,0
144,1.965434560956303,-1.190884264516191,0
145,2.2743168476324604,0.44187185119203753,0
146,2.9248936436872737,0.8239904239497812,0
147,1.199720049014123,-1.475081744390311,0
148,1.1330735813300128,0.001333432304104727,0
149,0.8925618506563546,-0.16845050946767076,0
150,1.6589769441491502,0.8323433422549897,0
151,3.5231358150850487,2.00980021103095,0
152,3.3006233548507176,0.10428573332611875,0
153,2.8641898805908355,-0.15819226636715264,0
154,2.257528994650475,-0.38847948958063455,0
155,2.562885351883151,0.46946112434330795,0
156,3.5127292032589166,1.1549151978116676,0
157,3.9849016997564437,0.7752412733580826,0
158,3.743808055908588,0.096640380576368,0
159,2.4804012676374105,-0.9640022917104724,0
160,1.4614930611887633,-0.8481551772415566,0
161,1.1336981794047791,-0.2438876689005677,0
162,-0.2888690598889525,-1.3486163646415155,0
163,-1.2120106605609298,-0.977980419066808,0
164,-2.3852841560228804,-1.3029228527132017,0
165,-1.951293987839376,0.21047054978571542,0
166,-1.3913657043533632,0.40077183286791346,0
167,-0.5866893993062695,0.70890551605038,0
168,0.23535763337433924,0.7968046896719092,0
169,0.8778588333430559,0.685817514342747,0
170,-0.061971113961893254,-0.8485307463113243,0
171,-1.1557787898831458,-1.1111369519846157,0
172,-0.5316053809126094,0.50043665278841,0
173,-1.019268653212674,-0.5286463113528752,0
174,1.120953323070836,2.0551689526702,0
175,1.40484230911167,0.41149305868917047,0
176,-0.5981514376319745,-1.8635263625310592,0
177,1.0747696492168168,1.587847986763769,0
178,-0.0007393213929408615,-0.9760989144028729,0
179,0.9612161232577846,0.9571153303955829,0
180,0.15024605579571115,-0.7255887584145339,0
181,0.24849319428710048,0.10366697605231197,0
182,-1.5512348267602034,-1.7859933234091288,0
183,-1.299261416983365,0.09286253459998978,0
184,-1.974840846839092,-0.7924781552293323,0
185,-1.3809892998290347,0.4248724247635836,0
186,1.1543500898505772,2.429981482334933,0
187,-0.18746801095101429,-1.1928247903498523,0
188,-0.06965212264496153,0.1013354793107359,0
189,-0.4511932902941473,-0.39817520070267753,0
190,-0.1773271538408399,0.23131800875985242,0
191,-1.9449339167772677,-1.7801310241911206,0
192,-4.892469929911066,-3.1357442003701745,0
193,-5.426123526271792,-1.0016779786456516,0
194,-4.372836948978656,0.5790482631328401,0
195,-3.690000300467247,0.3487388881753722,0
196,-3.1157345005216883,0.3032553746513387,0
197,-2.5216668636414603,0.3631225593225184,0
198,-1.3435927268776189,0.993964798409585,0
199,-1.296334764765028,-0.030727296933539483,0
200,-1.4775891192153687,-0.27223523502165264,0
201,-3.0034311478934277,-1.6472016656831692,0
202,-3.4202991879307056,-0.689471915986817,0
203,-3.956922468690423,-0.8338429968816999,0
204,-2.389809212647524,1.2356583125320986,0
205,-1.4676968106543993,0.7569036972945842,0
206,1.2517582437359176,2.6361526901382564,0
207,0.606218373764918,-0.4817889853643887,0
208,0.6373276676221135,0.09389051690287196,0
209,0.9373378826235443,0.34516321558863367,0
210,0.5144776175869425,-0.3415619371881176,0
211,-0.4981844888771514,-0.9769610002078563,0
212,-0.6046906049539175,-0.17084271996658615,0
213,-1.7803731200168809,-1.236314506845453,0
214,-2.441779580173239,-0.8284150212197356,0
215,-0.989676097159504,1.2317761622461194,0
216,-0.09311053076207698,0.8398194836833778,0
217,-1.918875707549471,-1.8007616730902742,0
218,-2.5180549123920617,-0.7802389093183222,0
219,-2.153821862102608,0.13254742143336273,0
220,-1.6544477294696451,0.3283612526221175,0
221,-2.9868332784720946,-1.4511115542044675,0
222,-3.1673278811944243,-0.44109523465381645,0
223,-1.0323551019771513,1.8646528011772483,0
224,-1.8606163876052797,-0.8699551842291784,0
225,-2.61251543902109,-0.8959638603446225,0
226,-2.252662835156999,0.1275307748578067,0
227,-0.7852547860958525,1.2868730838117104,0
228,0.13771477771732354,0.8930958679453718,0
229,1.0627272635968548,0.969163139863792,0
230,-0.47563325557545133,-1.4256123927288353,0
231,-1.1635074302991582,-0.7474419206943936,0
232,-2.9063954718232274,-1.865109724634199,0
233,-3.7607987888404835,-1.1286514573408328,0
234,-3.824559572922441,-0.3991416339447823,0
235,-3.766474724826116,-0.25769916658928205,0
236,-2.303050314913845,1.1626305210472891,0
237,-2.196354936206431,-0.047699309806485145,0
238,-0.2813103510878663,1.756104341895321,0
239,1.2010277019262627,1.4992010704165453,0
240,0.4674204838747208,-0.5887277949859727,0
241,0.8104564310330495,0.38058082203741694,0
242,0.2758596376676614,-0.470235632120093,0
243,0.8900448794819958,0.6289924364320229,0
244,1.073685646499076,0.2617820942782727,0
245,0.016219147534145772,-0.9617569794865193,0
246,-2.913917898878434,-2.948152436918976,0
247,-3.740094000020146,-1.1284669389698876,0
248,-3.6782165049136046,-0.28315491738202986,0
249,-2.5239723465004307,0.8529626269107995,0
250,-1.1921342245585722,1.153623992341153,0
251,0.40512574483810226,1.5400684354549576,0
252,0.33778611248348356,0.010334007839781542,0
253,-0.6418215207465876,-0.9379589371845182,0
254,-0.7458891571433306,-0.17567890704461758,0
255,-2.2150527724256905,-1.540712176914062,0
256,-3.012284497114212,-1.0048598951521919,0
257,-2.2317417616714614,0.5089237050270199,0
258,-2.361380570620164,-0.30053961242044935,0
259,-2.3801930875168473,-0.202510311370843,0
260,-0.4005612778061989,1.7875437242818804,0
261,-1.9861596871335419,-1.5782388005265928,0
262,-2.099176324135997,-0.2838250620625793,0
263,-2.983094981553634,-1.0699690801818391,0
264,-2.832339099977241,-0.10670025646627487,0
265,-1.6711877579849697,0.9287401450514438,0
266,-0.40867885618589805,1.1535444668158834,0
267,0.3784983040499953,0.7913445431969257,0
268,1.0234906426754224,0.7036408351721353,0
269,0.9721754996814325,0.05133572679491132,0
270,1.4870064652291242,0.598028626048581,0
271,1.520158455805941,0.16189597567616065,0
272,1.1444190044975313,-0.24831542537692106,0
273,1.4687345017446354,0.4086857484865065,0
274,1.2189844639538794,-0.12952236221932706,0
275,-0.5941915659847707,-1.717409118605684,0
276,-1.1285571857071923,-0.6206619659778838,0
277,-0.7178291799406262,0.29162435821615573,0
278,-1.056205196329591,-0.3929314468661079,0
279,-1.6974816460258793,-0.7284331056727691,0
280,-1.8370497529717504,-0.2915759277857568,0
281,-1.5985675641420556,0.08231408195607429,0
282,-2.4543742748331416,-0.9803181531153153,0
283,-0.7393719447760205,1.5039210757449453,0
284,0.6804812696304334,1.3864454383186038,0
285,-0.7165623454672224,-1.297058025938521,0
286,-2.6366004484692995,-1.9911054307973435,0
287,-2.4489933525864775,-0.07569213820573979,0
288,-1.7044245861706573,0.5332010590965379,0
289,-2.030273736878765,-0.4454356713146154,0
290,-1.9597228761494625,-0.09094233357100256,0
291,-2.144869835081147,-0.34377226331613603,0
292,-2.4228935477743065,-0.45261073007099206,0
293,-2.6791966894597814,-0.4575465693505993,0
294,-1.7927495185822235,0.6642051357601341,0
295,-3.215289434968819,-1.5507939658724772,0
296,-2.5588855296189728,0.37959442393338505,0
297,-4.081078086291836,-1.7280007200992495,0
298,-5.856849014187672,-2.1261369868791413,0
299,-5.430563135813624,-0.09299938688561024,0
300,-5.281136049714552,-0.2942499564774955,0
301,-3.67416429860692,1.1917322676361888,0
302,-2.4792539117065915,0.9346109488949185,0
303,-2.375598649897727,-0.0547171258785794,0
304,-1.7784391238493693,0.42113384316172003,0
305,-1.2120821704473261,0.43706156663314955,0
306,-1.0117561737109266,0.1206581574291379,0
307,1.154453077290506,2.094938846573307,0
308,2.241080329418472,1.2243109432985988,0
309,2.0707838462575,0.05238458074508004,0
310,2.720000446254911,0.8223396505560712,0
311,4.9110878829347975,2.419968839548617,0
312,2.2841551768778134,-2.183731760688628,0
313,1.8855838776437972,-0.24646666483813232,0
314,0.29788425058264445,-1.471093669894899,0
315,-1.229387344187952,-1.5391805602575481,0
316,-2.908826787383786,-1.8242128588968938,0
317,-4.1334354799266055,-1.5061763403451458,0
318,-1.5765423356943895,2.184931737555273,0
319,-0.8843132352727234,0.604997489525331,0
320,-1.800462497520731,-0.94748080761907,0
321,-2.7345052579622013,-1.0894804544838723,0
322,-1.8511841453746443,0.6367183441192719,0
323,-2.175440831029726,-0.4640254226377172,0
324,-3.0311756981266718,-1.0274220561665497,0
325,-2.6164831383127543,0.15184123976529396,0
326,-1.886538259931239,0.520362729841804,0
327,-2.2992600578301623,-0.5448990355276528,0
328,-2.373007862984519,-0.2586435969549325,0
329,-1.5125021945240427,0.6650628653396383,0
330,-0.7914250540013048,0.6165496002784805,0
331,-0.41449347779911994,0.3366441713771401,0
332,-1.1608588719924506,-0.7647754694879892,0
333,-3.7979320213020977,-2.7410998511908877,0
334,-1.8979852361873617,1.535907106482442,0
335,-0.228684606924612,1.529090014576959,0
336,-1.8599949661063078,-1.5972196472992624,0
337,-2.0741853689364493,-0.3789232010096524,0
338,-1.1894599397812906,0.6981936879918231,0
339,-0.3973297551742031,0.7125259939793861,0
340,-0.469725849479848,-0.07949261673588782,0
341,0.6399230408632597,1.0785442023446778,0
342,0.34409436955979034,-0.22316581117060286,0
343,0.09990990511189302,-0.21147699940575243,0
344,0.830561691836675,0.7308026031317408,0
345,0.7596955597675633,0.007749994367839007,0
346,-0.8281144457560242,-1.5211451655163168,0
347,0.26443687804819904,0.9938373067125785,0
348,-0.16398203306455983,-0.40129103444805436,0
349,-0.4450301206487438,-0.2918095152135617,0
350,0.04551449261801682,0.44503705275204986,0
351,-1.5692020823953587,-1.604075004214441,0
352,-1.0473345543837664,0.3689424760523637,0
353,0.24436074690396692,1.2021987217471302,0
354,1.943324487118821,1.7495651812730422,0
355,1.972056383739089,0.23109408340694795,0
356,0.8021095479239786,-0.9946180497814294,0
357,1.7508735576414471,0.9898211558012872,0
358,2.3818240243717645,0.7782961631778313,0
359,0.9310507852236634,-1.2381206677665788,0
360,-1.0863083407843215,-1.9655810233057507,0
361,-1.5520709742212895,-0.6075222156113546,0
362,-0.3983171347783272,1.0000993175764399,0
363,-1.2837956952575853,-0.8989264808070346,0
364,-2.857718242688902,-1.6827982358670788,0
365,-1.69208172232527,0.8966858243951015,0
366,-1.8871246543300564,-0.3228359648578484,0
367,-2.715852945384436,-0.9719427568372435,0
368,-2.6584214054854485,-0.1783616908729022,0
369,-2.4938013351219777,-0.05519229418792888,0
370,-1.8522324248514463,0.4459315202670325,0
371,-0.9996391237356693,0.7188922860367067,0
372,-0.12781687843494915,0.8153186705268874,0
373,-0.40273616058810124,-0.25918225451077587,0
374,-1.035829681194758,-0.6620925766437606,0
375,0.20331591431152818,1.140868157777041,0
376,1.1670811007864295,0.9984824363238828,0
377,-0.20701787538760708,-1.2490657284265614,0
378,-0.3002516314221657,-0.12763951372429888,0
379,0.5574598182260165,0.8180856542519774,0
380,-0.2593876804417141,-0.7560288217770313,0
381,-0.010680224939375704,0.2201966055901285,0
382,1.2993992211138634,1.3060307021814586,0
383,1.0113534878462282,-0.1554051321024378,0
384,1.8859051779351637,0.9627998489118135,0
385,2.5469736294532863,0.826551442222038,0
386,2.4675620476327706,0.14631319446699897,0
387,2.6452289436638665,0.38009431272048855,0
388,1.3791916032486866,-1.0516598028196538,0
389,0.26372237186259206,-1.0286779809741922,0
390,0.15285631786529222,-0.1247380222801662,0
391,0.5516822937955815,0.3976824679657058,0
392,1.3171214094339145,0.8164415581206123,0
393,0.7722613440390238,-0.4201933105681082,0
394,0.5549903204564798,-0.15873292621093674,0
395,0.846664468694428,0.3262793527488667,0
396,1.5994549785625995,0.8241844400926593,0
397,2.013555296123984,0.5600292675261356,0
398,1.178973494206156,-0.657687466778,0
399,0.5302652552385554,-0.5669409922938511,0
400,-0.047736089479236465,-0.5569001070972377,0
401,0.2117539695421079,0.23762406257897362,0
402,0.9432078841042912,0.747804019858801,0
403,0.3874934379481428,-0.46303383654634805,0
404,1.2935503080256245,0.933256595335832,0
405,0.4566503384570587,-0.7208519519865279,0
406,1.7904758034938886,1.362680061422798,0
407,1.427413980831906,-0.20151624877742072,0
408,1.103828127734799,-0.20331571643342575,0
409,-0.15047431615169904,-1.1760985289562762,0
410,0.5968822150596054,0.7069966785104674,0
411,-0.5749038739351041,-1.12163140560458,0
412,-0.8209409816375048,-0.30799157408499017,0
413,-2.2019742850797814,-1.4633471850172721,0
414,-2.9118395973530107,-0.9161042922254814,0
415,-1.3915100734304457,1.2593747168544367,0
416,-1.222925325568143,0.0805718793435862,0
417,-1.7917943271260186,-0.6481280374068555,0
418,-2.633777342290605,-0.9950180938872023,0
419,-3.611380286499722,-1.210833481911236,0
420,-4.3261493674046,-1.0316513928606839,0
421,-5.31467253519614,-1.3586865282440959,0
422,-4.019694298342348,0.842886279873222,0
423,-4.6018613770376495,-0.887728289503529,0
424,-3.154530835459959,1.0804880722093109,0
425,-4.5068259029530555,-1.581532594285292,0
426,-2.923660431076347,1.21004680370638,0
427,-3.712850858498744,-1.0049429031459018,0
428,-3.9437752705007734,-0.5279046345116093,0
429,-4.5783007113788035,-0.9625378550323559,0
430,-4.150309887387686,0.04672701414323271,0
431,-3.2529186197184536,0.5675810387492594,0
432,-2.179427102880492,0.8354857608537808,0
433,-1.5380369731450378,0.49747970451846646,0
434,-0.7655964067371074,0.672960326319416,0
435,-0.18101568434763937,0.5451957224760127,0
436,1.341971697510688,1.5279221472223847,0
437,2.7078295968444173,1.5095211899956453,0
438,2.446981459354097,-0.001674737937509028,0
439,2.9332453807783887,0.6904640544161502,0
440,3.302802620317997,0.6113336670554621,0
441,1.7325269658367597,-1.2937976608507629,0
442,0.059622727302672596,-1.562012021961375,0
443,0.7677100501893832,0.6636962997554303,0
444,1.4351696868746378,0.7263091447727984,0
445,1.3228785593904462,0.022952513428351716,0
446,0.3306048513176425,-0.8820146495043995,0
447,-0.12567569390208422,-0.4508005425506133,0
448,0.3343108167138947,0.4308841071186896,0
449,0.2519112572175217,-0.05101776939913913,0
450,-1.4107457368735388,-1.6395522195974264,0
451,-0.0781981376962726,1.1856108047505982,0
452,0.1928829993393777,0.2748496680625832,0
453,0.037805124578458096,-0.12090013608128371,0
454,1.2660153967349983,1.230843935997955,0
455,-0.5742705155589527,-1.7159912538596294,0
456,-2.04921446431833,-1.5454092055284072,0
457,-1.1152147410509614,0.7221608280237756,0
458,-0.6234127561997117,0.40651536054492665,0
459,0.47755358144551796,1.0702693540789514,0
460,1.12948126744802,0.7170693191195604,0
461,2.5567050032313046,1.5416304542756285,0
462,2.640112583599727,0.32300773220261775,0
463,2.6676502538936195,0.2546870659470719,0
464,1.7396051879475196,-0.713248216425048,0
465,3.1149285327697047,1.4962062352420036,0
466,3.2650460964841814,0.4175378625730357,0
467,1.1626292827146456,-1.8244575413282902,0
468,1.5801452732173908,0.46997917248167065,0
469,2.057515168716978,0.5911076690293381,0
470,3.283236033542142,1.4040446361375414,0
471,2.3647407426578844,-0.6265482919493871,0
472,1.9112511906673761,-0.27042298974731105,0
473,1.100517752131596,-0.6760880872310427,0
474,2.2783953121484357,1.2451694158967466,0
475,2.324872276664628,0.24419880630304638,0
476,2.954947649853467,0.8287734702125015,0
477,1.399685738270172,-1.3057998224860787,0
478,-0.07716184329173292,-1.3896772070000687,0
479,0.9654782333641707,0.9913775584454939,0
480,0.8701760121758498,-0.011979636801688209,0
481,1.6818484768114725,0.8898069019524831,0
482,0.5678875878434559,-0.9641325837422696,0
483,0.552301892429313,0.015682818480329368,0
484,1.3593573229050717,0.8397882590721406,0
485,0.8610473196302657,-0.37357616578702674,0
486,1.086953010696404,0.29289383087582105,0
487,2.6940851017107175,1.6936233456586005,0
488,2.0170376147081948,-0.4271189801347177,0
489,1.443164295560339,-0.40997993880110756,0
490,1.7721606929606164,0.42620159979212235,0
491,1.2509371485823082,-0.37860949418493184,0
492,1.3705036243512212,0.21250694074193424,0
493,0.8588107269299348,-0.40487351340159367,0
494,0.024597500902361347,-0.7745465610639152,0
495,1.151354217096768,1.1069233227718314,0
496,-0.5766825612722755,-1.6217354389376897,0
497,0.009415248418978783,0.5166700363840355,0
498,1.1918932323361058,1.17767279220078,0
499,0.6909780797916283,-0.376053156182334,0
500,4.015184630072996,2.9354767876883945,1
501,0.26609040928910943,-0.40786064114744713,1
502,2.793749149914227,-0.8294877020422768,1
503,0.25550250513175576,-0.052068201028315025,1
504,3.104877641218903,0.5852874771518902,1
505,-0.35257453983408005,-0.6415130623639915,1
506,0.43579734209416454,-2.357621814655825,1
507,-1.479950177997919,-1.1980398419803775,1
508,0.865615974330243,0.49172361362381484,1
509,-2.3886703010618966,-1.0697292740280135,1
510,-0.4827133929310399,-1.2230815650376603,1
511,-3.25569795622371,-1.1097237110819949,1
512,-1.6686319434880084,-1.1777462072772165,1
513,-3.0507830280565145,-0.09914141409098434,1
514,-0.03497653961688063,1.5298570193651293,1
515,-2.368551336793786,0.39418947328812654,1
516,1.1218824796815274,1.207554708985223,1
517,-3.8972488166004298,-1.776421672886669,1
518,-0.005967850888308424,-0.953004081067741,1
519,-4.021335146807945,-0.5249703581554902,1
520,-2.2906743580763935,-2.206117452642832,1
521,-2.0809782781709965,1.5611897760458011,1
522,-1.4509201427189669,0.6717099137995768,1
523,-1.0060997157124534,0.9041966796493972,1
524,-1.583610693522436,-0.24691178513653128,1
525,-2.0122931785732923,-1.07645812606967,1
526,-0.2659754841404016,1.1894580689726486,1
527,-2.607417123916195,-0.7778574014236036,1
528,-0.24955917628468313,0.03601586246657321,1
529,-2.992486460050062,-0.6406557019212354,1
530,-0.803694723601243,-0.5230924291053657,1
531,-3.09494913085828,-0.3911787778143648,1
532,-0.8523161315333925,-0.06811652438319027,1
533,-4.349147326800709,-1.5471330004769104,1
534,0.0783751915944425,0.9199006745510856,1
535,-5.035871820044078,-1.113899816524051,1
536,1.2097297761552972,1.2330422951887468,1
537,-3.328404399849247,1.190999188512926,1
538,-0.017229015340624043,-1.0223430516814582,1
539,-4.118641372515836,-1.1350024202596605,1
540,-0.6809191791314354,-0.590942607601223,1
541,-2.9256909356304597,0.788067781578514,1
542,0.022807489661042513,0.7060780739607975,1
543,-2.4768661902657754,0.16283676869634228,1
544,-2.1199187043991183,-2.0864198738350943,1
545,-0.5438520806436213,1.7062986027429572,1
546,-2.1070627655300402,-0.16892874886173984,1
547,-0.41828753450743883,0.1134491527711119,1
548,0.34076112130112923,2.246739006429676,1
549,-3.182566590966672,-2.788444793467688,1
550,0.9465236245357154,0.6758471566194402,1
551,-2.2222482242494803,0.6291888601621558,1
552,1.8690210567811785,1.0711979428511962,1
553,-4.441910150959634,-2.470042195948271,1
554,2.4180468473876653,0.8025694800366954,1
555,-3.7860887246137365,0.16875973220824594,1
556,2.3010311284383476,0.20706895454518195,1
557,-4.057951516729096,-0.6976624443349934,1
558,1.1434287821186782,-0.8490588310624063,1
559,-3.9906628894419893,-0.3729511234913733,1
560,1.9881506723956897,1.0395509125505902,1
561,-2.9680773705515273,0.5922034354011197,1
562,0.4157841263787756,-1.3039640761774098,1
563,-1.8809928697464153,0.7662374157622148,1
564,0.5810653638859034,0.25535035254798466,1
565,-1.242715513510568,0.440209574358559,1
566,-1.9085762051153035,-2.4002979487800467,1
567,-0.33197362411332276,0.7997454464584824,1
568,-1.8238124584067628,-0.09034698242675071,1
569,-0.6541817306544379,-0.31808158231722666,1
570,-1.5265185094216849,0.1247742566920793,1
571,0.08886677414086575,0.7111336414081443,1
572,-2.7199715707386103,-1.340451762693958,1
573,0.5419872963398208,0.5044721004146445,1
574,-3.7324391365306036,-1.290773263570661,1
575,-0.052230085747434596,-0.47549454538058117,1
576,-5.866390362042828,-2.5120927112712086,1
577,-1.0057117677805778,-0.8627163956221523,1
578,-5.901316908600408,-0.6109861642265828,1
579,-2.0291450795566854,-1.0063274158477329,1
580,-5.065937738411714,0.2755960478020253,1
581,-1.2615268437796536,0.6743762742914846,1
582,-3.7678082557760515,0.8244424280278542,1
583,-0.5619893407250555,0.6617222786185105,1
584,-3.5118723313950526,-0.10260973935155872,1
585,1.2301201522629182,1.8087073647871792,1
586,-3.7966101019822154,-0.6426063118420466,1
587,1.549747485911956,0.5157241732091021,1
588,-3.332566381290978,0.05658403411126749,1
589,3.082245681115695,1.7587647086276665,1
590,-3.238357709840916,-0.28536789834931237,1
591,1.8021329250747387,-0.9061789470180679,1
592,-3.8562795607109424,-0.9906014079160221,1
593,1.20178647881807,-0.34918678104367623,1
594,-2.3551644213070126,1.0854479892939073,1
595,-1.2200529380239866,-2.23954632914007,1
596,-2.5414984210292677,-0.4216677772608968,1
597,-0.6071240293043368,0.539890243340614,1
598,-2.327961504667677,-0.02234115606805319,1
599,-0.5316982463555484,0.06340797927532417,1
600,-1.7098866836565865,0.39666689330092186,1
601,-1.4164674740784222,-0.897560570475186,1
602,-3.847864179965371,-2.289484507470103,1
603,-1.6323293567775288,-0.3019311214707291,1
604,-3.68296168896,-0.1893959586826064,1
605,-2.8868935300894076,-1.3424888503003782,1
606,-4.349632225184618,-0.9897744762519486,1
607,-2.8270467981377645,-0.14851668191585127,1
608,-3.2123613744566626,0.7594470314917657,1
609,-2.316979232097267,0.3029828222231341,1
610,-3.7095636558661234,-0.7669981585527768,1
611,-2.5137798129762587,-0.35927925378549014,1
612,-3.444369917812873,-0.05745503708262632,1
613,-0.31645128081048,2.0174898866049427,1
614,-3.1688327271430285,-0.04059749017357569,1
615,-1.0516381035596662,-0.7006999243806753,1
616,-2.068147764389151,0.7974825838832763,1
617,-1.2444332314902478,-0.2455891333712264,1
618,-0.9634679058663476,0.9208257954343873,1
619,-1.7472585695688083,-0.5969525045250303,1
620,-0.49854041474188404,0.39849761854841936,1
621,-1.2363946660568284,0.3507581297611815,1
622,-1.1172571224774195,-0.6387342168534674,1
623,-2.039493415948022,-0.9105802411246835,1
624,0.10134246818329018,1.1396327592330162,1
625,-1.7349383339441544,0.11076488695200665,1
626,1.2141574923045126,1.1606935884384733,1
627,-1.742464920956402,-0.19417542001154114,1
628,0.8151325306429313,-0.24283517988212444,1
629,-0.3715764673877944,1.176349061243493,1
630,1.3506466403858979,0.6381677766907016,1
631,-0.2138958562205164,0.09886517271821024,1
632,-0.19070665310349044,-1.4004339062147155,1
633,-1.8374650228840064,-1.6565581521583657,1
634,-1.0815766717278172,-0.8894270751436305,1
635,-2.3130834343849047,-0.6466420805409859,1
636,-2.20864304027896,-1.1937185511512358,1
637,-2.538626886569254,-0.4239495985027718,1
638,0.4746292284272675,2.5109250678878734,1
639,-4.0554021325388145,-1.753297796507969,1
640,1.4843212838913185,1.1230952684978583,1
641,-5.756479472754185,-2.1262070585924375,1
642,1.2992566367648701,0.06148629731561364,1
643,-5.2092510693074665,-0.05625532303526139,1
644,0.5396998317502115,-0.519973835917555,1
645,-3.996140435691088,0.673795962000482,1
646,0.6104225695622327,0.21674663603702796,1
647,-2.9024422532979557,0.6825829148108989,1
648,0.8069505335231358,0.32655604780701675,1
649,-1.5658548348724042,1.0321694620649022,1
650,2.727835520335997,2.0462630110468787,1
651,-3.0356804382246447,-1.6617589473780723,1
652,0.4264098798471614,-1.9826267357242657,1
653,-1.2355143962740966,1.4650555441262518,1
654,-0.6984518207768534,-1.0395087642943113,1
655,1.2378118288960778,2.3524952049520618,1
656,-0.750640611376395,-0.12205694700344666,1
657,-0.32781461638172504,-1.4273543380666625,1
658,-2.183764525114151,-1.5172879470005387,1
659,0.7763027078612001,1.1006799139696581,1
660,-1.5365491174729935,0.4243540742149474,1
661,0.12729246650242643,-0.5341768341467823,1
662,-1.4616754980936528,-0.08781724411159492,1
663,-1.29448580254355,-1.3790667762400672,1
664,0.08571575906557505,1.4128956407102737,1
665,-1.0200805521882386,0.1587162674912372,1
666,0.7439646771913604,0.6899661575796607,1
667,-0.3602102319005719,0.5495654607062735,1
668,-0.8563136070796109,-1.5120789087109472,1
669,1.2354676116260204,1.5607803096354176,1
670,0.6273411431984399,1.3892708157728353,1
671,1.025333940341384,-0.08429718548322276,1
672,-0.4370235971887855,-1.0242386415870555,1
673,1.840919365078725,0.9162156433113832,1
674,1.5208532533316943,1.8855119577474002,1
675,1.248031936918814,-0.41963378821346775,1
676,0.8605449543226813,-0.539112486695819,1
677,0.13088004381365836,-1.016162681489818,1
678,0.7673219700063352,-0.020957608691402885,1
679,2.522257579913531,2.3881868712379486,1
680,1.6118543874858478,0.8947332382428741,1
681,2.4495228293323787,0.15569924383527822,1
682,1.7230085843007403,0.22262183147101827,1
683,2.682325607649364,0.4444064315323568,1
684,1.5978222036504923,-0.004204006589991213,1
685,2.7572071812395835,0.30990582647564424,1
686,1.528395511904083,0.035960200729750605,1
687,1.0145520175712732,-1.4981966226998977,1
688,1.9601697569567407,0.5468962042549574,1
689,1.9277059296857546,0.9797234611830006,1
690,2.55660565769499,0.7630302969613526,1
691,0.39695057786839594,-1.3831525129953006,1
692,2.6748353104899296,0.3506436534888973,1
693,0.42836938761174614,0.018799457848340587,1
694,3.0892624327855707,0.6736574536898321,1
695,-0.19847285901104383,-0.6416462852943704,1
696,4.782986319856326,2.000351165063305,1
697,1.523505533612632,1.6234086191961525,1
698,3.253655790412549,-1.0642822242041603,1
699,2.260967858892796,0.8094464575387383,1
700,2.18684569925128,-0.7792892460450684,1
701,3.45572980184049,1.3664537139403352,1
702,2.112036445535036,0.08670833960155096,1
703,3.397137928264524,0.2439922851602204,1
704,2.8104653779042557,0.8411038996216732,1
705,0.9000554393663216,-2.206593714306143,1
706,2.110279984098992,-0.4621107896911466,1
707,2.228067307100992,1.3688099580512698,1
708,3.286183381264872,1.355650168111106,1
709,2.561083148262326,0.5018579382177941,1
710,3.5758228599170634,0.570366312225046,1
711,2.772545553352524,0.398950657504611,1
712,2.40923219944265,-0.8623446614988556,1
713,3.5278029358215592,0.9726613872106903,1
714,0.7727164476034307,-1.4585960167866956,1
715,4.407540295872032,1.2006981671621682,1
716,0.5070968141151901,-0.26770142104483335,1
717,5.017421358242818,1.0378369593408032,1
718,1.4230479047656825,0.8724111555208628,1
719,4.611441365207,0.07646069559965404,1
720,1.1182542682172816,-0.2587774733063307,1
721,3.7894422927425677,-0.3862679576735624,1
722,1.1001329148611207,0.009695236886071623,1
723,2.0895626271263117,-1.3431193081727837,1
724,0.8052743837576308,-0.24363528881606666,1
725,1.1502302862876315,-0.7494301511122368,1
726,0.06736700832326337,-0.6897778661927438,1
727,1.7834580267672115,0.7395243551875341,1
728,-0.03499242403808939,-0.12495961465957485,1
729,0.6758741814899416,-0.9295617884434006,1
730,1.7401652270415398,1.7470650865932487,1
731,-0.3401816246856256,-0.9655201160566075,1
732,2.923739234442602,1.3542336045371732,1
733,1.5633140574276867,1.8228384750299083,1
734,1.5195953136506992,-1.1240013216750635,1
735,0.8998047994295655,-0.5516111977362854,1
736,0.5413151603332274,-0.8509518105209746,1
737,0.4626465964124734,-0.36778682781397476,1
738,0.7158980217407256,0.2150898634824006,1
739,2.5982245954028462,2.1692705268108807,1
740,-0.353267555681934,-1.0281844871667403,1
741,1.486666208140381,-0.8553622323827685,1
742,-1.780858707466193,-1.5037668153878847,1
743,0.1349251243825953,-1.1817332003122663,1
744,-1.8114465902600516,-0.22488966686570755,1
745,1.4199350619482092,1.3344255029811358,1
746,0.8613969377640165,2.476150267134755,1
747,0.8287055538401396,-0.43973550538828826,1
748,-0.08653144213201414,-0.8842750922775124,1
749,-0.6034396779489569,-1.3570233313614026,1
750,-0.4394505050636592,-0.3638248659037583,1
751,0.011678636727012637,0.5600341663530305,1
752,-1.7000745777480648,-1.298651512778552,1
753,1.2349921066688174,1.2458765844426234,1
754,-1.3130276446905977,0.20457276784870224,1
755,-2.0534491417694176,-3.134811015546967,1
756,-2.218211513263594,-1.02830206269105,1
757,-1.9831841664610146,-0.09976754728899674,1
758,-0.960774151481605,1.0759825435379338,1
759,-3.0512780209823593,-1.234622414519994,1
760,-0.7878375350451884,0.12720382316269,1
761,-2.784597840730299,-0.020961504980907465,1
762,-0.12818220433107363,0.6392303358267225,1
763,-3.012017177329652,-0.4967189232786202,1
764,-0.4009350955065618,-0.22760496142799605,1
765,-2.605153656094536,0.11095297650052717,1
766,-0.32961225130970967,0.08740104298043788,1
767,-0.8621166948988788,1.4898270690543667,1
768,-1.2412647498580873,-0.9099410201694145,1
769,1.1229243695871394,1.9145381650078082,1
770,-2.5395180098425953,-1.424987811717199,1
771,1.5541515320140982,0.5813274269826795,1
772,-3.1429434551529596,-0.884148005310636,1
773,2.1502798037239232,0.8083680395611906,1
774,-2.3047275232360924,0.4868772730441909,1
775,0.39039078870240407,-1.4903843248652364,1
776,-1.2061937972636687,0.8426542677245515,1
777,-0.11935752600790478,-0.43560002263507086,1
778,-0.7492223683768984,0.3336417165334586,1
779,0.22897580669893197,0.3559517417624519,1
780,-1.038959133120599,-0.3657551843883006,1
781,1.2235171336110584,1.0353207225969947,1
782,-2.7564469127752713,-1.835908622369832,1
783,1.3510183273734997,0.2878069675825059,1
784,-3.1329996083412346,-0.6779427414533358,1
785,1.06846685106842,-0.0885551783565645,1
786,-3.2540349091192917,-0.45853011339659994,1
787,1.004183237959369,0.10643341717239609,1
788,-3.575098357686753,-0.6671934403696685,1
789,1.1083766938611863,0.27290311236581477,1
790,-4.0882375554384485,-0.8917746328385767,1
791,1.0953616028630213,0.17445593751920555,1
792,-3.970201192734328,-0.31282477580696627,1
793,1.679798449139883,0.7745573940448915,1
794,-3.6118929821024506,-0.0664635091615847,1
795,2.3943725216702347,0.9583748591927076,1
796,-2.422293423362539,0.7876685508215654,1
797,3.0098818542418457,0.9152884487932847,1
798,-1.4410623758691559,0.6849591613980083,1
799,1.1824976281817885,-1.4877624826435554,1
800,-1.124612819441956,0.13041952401604803,1
801,-0.11630217652241814,-1.1548932899329165,1
802,-1.138492344221108,-0.1370027612399412,1
803,-1.2251525125277556,-1.0978495020209487,1
804,-2.8365990818894655,-1.798541425199967,1
805,-2.0822992400348395,-0.939911064498754,1
806,-2.32026230002872,0.2657513911974251,1
807,0.257114492494102,2.1827524223446395,1
808,-2.8002173863268416,-0.6937294688255864,1
809,0.33932576569023754,0.15912751930910132,1
810,-2.001799911082544,0.5124313340297698,1
811,2.2381952795198203,1.9808222633727004,1
812,-2.527449969701326,-0.751605260179137,1
813,2.4847776296676587,0.5156943769076592,1
814,-2.5461940496608975,-0.31871880602157854,1
815,1.4883463916349322,-0.6972170348723388,1
816,-1.5113799378318253,0.7404634666499565,1
817,1.0945979521465774,-0.2043380604499344,1
818,-2.520825644450622,-1.1864131438397942,1
819,0.3876669914849338,-0.5571491096241614,1
820,-3.7263486447486542,-1.4724282141794094,1
821,0.986020767453893,0.6995922180094454,1
822,-3.5443394875945233,-0.20436258491012277,1
823,1.6276624752173476,0.8129506658322758,1
824,-1.1388124941261424,2.0249562122822162,1
825,1.610044139417286,0.19197943153887956,1
826,-1.4869087675396344,-0.4943545889724526,1
827,-0.5378651514735782,-1.9606476643324777,1
828,-0.6507078699714202,0.6767882309348139,1
829,-0.5621148335677699,-0.05666003086643906,1
830,-0.5056574142693225,0.0909794685553692,1
831,1.8060504516554197,2.32351745470882,1
832,-1.2850881148897564,-0.8424357982282428,1
833,2.000962269396352,0.393424318198065,1
834,-1.6228488551648361,-0.5043396789745732,1
835,1.951604635423799,0.17981796266762837,1
836,0.10074381401068266,1.5217821146108337,1
837,1.6726108830716822,-0.06861223839819552,1
838,1.6741374701621397,1.5472258823675704,1
839,2.5010740543871406,0.9779754467808982,1
840,3.3129563212786692,1.7644957487581554,1
841,2.4499899737163924,0.14915238685355756,1
842,2.791806685931248,-0.23936464350059003,1
843,3.7060759139637005,1.4400373075468482,1
844,2.7610358297329514,0.18684915351802714,1
845,3.4582057118957588,0.06720896417178576,1
846,3.6543394823215243,1.0977644193032738,1
847,4.478657761918277,1.302118868091549,1
848,2.647113586729977,-0.7211605820975354,1
849,3.138775056851159,-0.955031459565805,1
850,1.5831485889815573,-0.8754279672631163,1
851,3.8703831541251827,1.0031829812020239,1
852,0.8542802354261549,-0.64064507676701,1
853,2.937511430510357,-0.5702076964463845,1
854,0.13110717007514394,-0.7058239876547509,1
855,2.2497429441751855,-0.4038712173391483,1
856,1.8266823978797557,1.6568134010652709,1
857,0.8565988672133387,-1.1877476782238776,1
858,1.9198803830978806,0.24480280689221512,1
859,1.3119084132407268,0.5035038049389458,1
860,2.6976927294250874,0.948115311832454,1
861,1.6268153849564286,0.3999220819145448,1
862,1.980124532766522,-0.47718616169802835,1
863,2.8651935789003904,1.3542815598176885,1
864,2.618418702750799,0.7913865336223611,1
865,2.9264071925647013,0.30174753919917713,1
866,2.4796758584369094,0.06518301824653898,1
867,3.525329657217247,0.840582238297139,1
868,3.422518933503174,1.1262932924121358,1
869,2.6755591464605635,-0.5562594929543598,1
870,2.323157735350417,-0.819118192839218,1
871,2.6244112449371118,0.15895124643406897,1
872,1.0626566630020915,-1.0811850027272611,1
873,1.7748277709626725,-0.6210004934642531,1
874,-0.002270773692325756,-1.002654160553206,1
875,1.5184583166015408,-0.08949053615796221,1
876,0.025487727179059345,-0.005401437373489609,1
877,0.3309663924966082,-1.0358782619796458,1
878,-0.4415251239403277,-0.48295832549246265,1
879,0.12797105531442854,-0.16573832396490612,1
880,-0.7951086299307932,-0.4023253928626086,1
881,-0.10159729400359185,-0.20440490624786634,1
882,-1.5984920671614193,-0.8831580378368136,1
883,0.5469409442622554,0.6623145158364102,1
884,-2.7500693897787594,-1.3158799658360685,1
885,-0.13202873044989438,-0.5807899657165224,1
886,-1.0116651236700323,1.4592482049927278,1
887,-1.4248126733969737,-1.2683694708575808,1
888,-2.1064838291161316,-1.180416803774634,1
889,-2.563697185957598,-1.25018429037246,1
890,-2.5424379501488,-0.606717405350736,1
891,1.5109420077180147,3.8647586928725026,1
892,-2.6594087477393433,-0.3606870408230274,1
893,1.0430305048763842,-0.26479883509094776,1
894,-2.8258515631337735,-0.45792341529430836,1
895,-0.5437962064848003,-1.4276710577648148,1
896,-1.948084295662592,0.5901897681738881,1
897,-1.9046954177747715,-1.3675394733504875,1
898,-0.2744310974401085,1.50332968489882,1
899,-2.763375326338296,-1.0269242964099743,1
900,-0.1333300857495527,0.1603386093876756,1
901,-3.808540879086076,-1.3174254735497128,1
902,0.35581757508629197,0.5415338143151331,1
903,-3.8492355793407738,-0.4237736630566722,1
904,-0.07865502681770781,-0.3223130798111021,1
905,-4.228871083281168,-0.7673306873571568,1
906,0.15911174808621048,0.31068233884836693,1
907,-5.640299456226452,-1.8351200484860861,1
908,-0.6001811028221945,-0.6446899707047078,1
909,-5.329612723013222,-0.2489325188620549,1
910,-1.3861800441781669,-0.736317929845795,1
911,-6.627123466353818,-1.810608404171915,1
912,-1.1245095956845501,0.24261980596947033,1
913,-5.2320496735956405,0.7574683425214229,1
914,-1.5137144922343546,-0.383064124718765,1
915,-3.892757261922776,0.8424696851924901,1
916,-0.5620051005388804,0.891586011827223,1
917,-1.0927739694161192,2.4314647622421117,1
918,-1.8492179745673678,-1.2935580717689865,1
919,-1.9558821542407863,-0.9482733510152167,1
920,-1.8997563691731965,-0.20497363082599648,1
921,-2.6957606415133304,-0.8979769592592171,1
922,-2.300511184894006,-0.5442140246805881,1
923,-1.835848523741957,0.6323387291607128,1
924,-3.6556226346128113,-1.539846476555653,1
925,-1.4801000287371606,0.23172498082566886,1
926,-3.2633197134185674,0.05990014325775441,1
927,-2.4351191260705107,-1.0338396767267524,1
928,-4.122637060206479,-1.146497126581692,1
929,-2.094927451626565,0.17053932957314477,1
930,-3.8839291068738935,-0.12825528691109142,1
931,-2.910093185570953,-0.9445928174362412,1
932,-2.6841318707937734,0.8614545317647062,1
933,-3.838096605454146,-1.1533321286636116,1
934,-1.616476580978969,0.8667240006456781,1
935,-2.5883960080273902,0.9088970213990688,1
936,-0.47417665153186284,1.0449171974840246,1
937,-0.8376447241920002,1.512818215357759,1
938,-0.4240979885369694,0.03692140516390102,1
939,-1.3167988267390016,-0.5539358285655132,1
940,0.5345356282056484,0.9377682533982309,1
941,-1.3438003343774205,-0.15978576670900568,1
942,0.8796540790621459,0.4251780052882266,1
943,-1.4186122689558445,-0.22333386508884384,1
944,1.5967922269815897,0.8327276818589912,1
945,-2.7093782905275816,-1.4573917115277588,1
946,2.3933208799925394,0.9974877813039427,1
947,-3.0443166314360846,-0.6457773010310023,1
948,1.33775117070569,-0.7587006720679589,1
949,-3.352187802745205,-0.6496135549597111,1
950,1.998965974089805,0.8589549647964968,1
951,-2.4107557793413354,0.5728460716813941,1
952,2.3939968402604888,0.6525568994005295,1
953,-2.537681664793295,-0.411931091529596,1
954,1.312483847409625,-0.7926289343834686,1
955,-1.5603737784793914,0.6864749129578732,1
956,1.7892599991571245,0.6490050909211889,1
957,-2.7014317634956155,-1.3281128013298311,1
958,-0.09506524354408108,-1.662781187365743,1
959,-1.0556567237008387,1.3586899158890846,1
960,-0.8798270871501375,-0.7566974830884999,1
961,1.170449238135946,2.130289212773643,1
962,-2.1992076263337386,-1.4085111730429658,1
963,0.46112921772859816,-0.5614847494589144,1
964,-2.4771467477828595,-0.5141756686411402,1
965,1.9261044090448256,1.5578516568302532,1
966,0.29560109603447104,2.50116083277131,1
967,1.0602754950617514,-0.651403016561108,1
968,-0.25576514075239454,-0.5516699262244843,1
969,0.9552041876112155,0.0005578825028183809,1
970,-0.9330797619300973,-0.7230459320796719,1
971,1.1134421500546035,0.2656468302313343,1
972,0.7113418654865646,1.5304271878469942,1
973,1.7273862006621545,0.7275056445774468,1
974,-1.0170172622153215,-1.6856332246603971,1
975,1.8785042649205037,0.3269134382918522,1
976,-0.6566821901709516,0.2225744411670112,1
977,4.081961746071632,2.4080449021670414,1
978,-0.7621913213253044,-0.23078201028136922,1
979,3.991983844345982,0.33240700799647593,1
980,-0.9327346912456875,-0.3275019579570896,1
981,6.1273431526325215,2.551506952846848,1
982,-0.1340464235582296,0.6042215285931042,1
983,4.994629406904868,-0.5093116193163633,1
984,-0.9501815776070799,-0.9407595220000471,1
985,2.508965132275448,-1.97535905392728,1
986,-0.2154216996163354,0.5647057748382334,1
987,0.9481225391947765,-1.2982900470808922,1
988,-0.6335431788140045,-0.47423452587400483,1
989,1.2909274499865464,0.4461068134955509,1
990,-0.991102731943437,-0.4433043709026462,1
991,0.40916333112213055,-0.7364249147581869,1
992,0.2000605355601871,1.0750520864981936,1
993,1.8821960109247082,1.5218594348786232,1
994,0.03576880788648107,-0.16719926753815573,1
995,2.055250994718148,0.3589162914514439,1
996,1.3341548281635043,1.2625884310092428,1
997,3.1647351105504415,1.3013099789436087,1
998,1.8111078361691038,0.5581686297692638,1
999,2.2669932481885664,-0.6127209779501571,1
1000,2.1352895496931095,-0.7537530606458644,2
1001,2.8612258800133334,1.187205999482323,2
1002,2.3622225645509394,0.27196348688416533,2
1003,2.003193139695454,0.029198060526012298,2
1004,1.949858339729858,-0.6688991093246064,2
1005,1.8862390031839564,-0.2792918197061422,2
1006,2.127572604553893,0.2863378053988461,2
1007,1.4896265088481355,-0.3053841129861152,2
1008,1.5588733429255177,-0.17491375107406346,2
1009,2.7637514716182805,0.8184511290020402,2
1010,1.8037181957383532,0.41982808962959317,2
1011,-0.45146701969992464,-1.900127725006457,2
1012,0.8796395829078507,-1.6212592533089862,2
1013,1.6610903555415089,0.03346225374491165,2
1014,-0.35140575415983544,0.02950726418560316,2
1015,-0.8427993308798963,-1.6475718015107788,2
1016,1.104639897927552,-0.3783993712094086,2
1017,-2.479314311396062,-2.1656675383226864,2
1018,-1.2959100245715867,-0.5236438826449947,2
1019,-0.3276072102727243,-1.2840308750478446,2
1020,-2.020136883423619,0.22748116918127959,2
1021,-0.6957162529714012,0.4940802100799902,2
1022,-0.3651674988818375,-0.04316247827243544,2
1023,-0.6265223095570447,1.202209723042745,2
1024,-2.09886669996746,-1.4628051742088104,2
1025,0.007312491617858408,0.3632171307067572,2
1026,0.17413584726196352,0.7589214679467997,2
1027,-1.1113567450598691,0.7758088015220468,2
1028,1.1764530597687044,1.179244026290611,2
1029,-0.6564900842653316,-0.8138633099481871,2
1030,-2.3063150760510442,-1.3112936352521958,2
1031,0.9136315946900133,-0.11554810749865686,2
1032,-1.2234469023813856,-0.6186789917289767,2
1033,-1.5075730466511534,0.5712086748717001,2
1034,-0.02356291449058656,-0.8185211502212731,2
1035,-0.8314646434569837,0.28494892829768087,2
1036,-1.2034287431508566,0.16193727441465727,2
1037,-1.2955611402554426,-1.2540055833478363,2
1038,-0.7043485615855933,0.06895951635975497,2
1039,-0.9099189325485865,0.19316603330559476,2
1040,-2.3857406285793683,-1.203592927408128,2
1041,-2.355827939895354,-1.6889576388570406,2
1042,-0.15580672174293864,0.7105360032355363,2
1043,-1.2926183893691658,0.8796645229686484,2
1044,-0.14167519973553677,1.993054197281403,2
1045,-0.5103918833466305,-0.3558228978869387,2
1046,-0.99929998768124,0.17057723358183108,2
1047,-0.39034804384803057,-0.24774344537576873,2
1048,-0.6005504319521018,-0.12730125662484154,2
1049,-0.3278433762026627,0.5814355974684545,2
1050,0.7284214552767809,1.089018632821556,2
1051,0.4188091933933744,0.9552988013595248,2
1052,-1.111168539412232,-0.8275818073165371,2
1053,-0.1032671000899108,-0.7519228163788251,2
1054,-0.7033002692182448,-1.0680841868772604,2
1055,-1.1053919881476715,-0.09727462898358104,2
1056,-0.4848986538566424,-0.3738713412020635,2
1057,-0.5720406896707616,0.07683245904570195,2
1058,-1.8325119791100297,-0.8270897963418514,2
1059,-0.8459398532555161,-0.3854855380967301,2
1060,-0.8993487863754814,-0.3577276473481405,2
1061,-2.8254024274348635,-1.1586887598395268,2
1062,-0.8434788649764194,-0.0448854849083515,2
1063,-1.0564454213847239,-0.2103427007226777,2
1064,-1.9145292397072842,0.6473321878477046,2
1065,1.4249079339841186,2.2137486590738162,2
1066,0.32668901852909116,1.2823861108325743,2
1067,-4.200511406357693,-2.4949510601462688,2
1068,1.291433871451309,0.04775495474388835,2
1069,0.35865089783048215,0.09372155650336395,2
1070,-4.783781793770337,-1.0198223757412308,2
1071,2.225095211471391,1.1070560361246116,2
1072,0.16226444396082856,-0.13493449826361592,2
1073,-4.102281805661332,0.17924821217764933,2
1074,2.1777635538775773,0.2145780371703299,2
1075,0.5875612556779395,0.4607684386310313,2
1076,-2.268100031133486,1.3963003458661576,2
1077,1.3225706939830262,-0.6206111167522379,2
1078,1.435232479631022,0.9158826428923812,2
1079,-3.2883189311048744,-1.2746069348208773,2
1080,3.6058234365849122,2.434040676514927,2
1081,1.645169067056326,0.35028479033360543,2
1082,-3.5666602338039555,-0.6596831208459809,2
1083,2.413170178267533,-0.8128560029914118,2
1084,-0.17062590270172695,-1.6397431624970562,2
1085,-3.1132949928306095,0.07427377483729221,2
1086,2.899259757803985,0.7602458063185286,2
1087,-0.726438234224117,-0.5707345694422965,2
1088,-2.2110995434771437,0.5691377348346064,2
1089,4.657449698671222,2.0774912944246484,2
1090,-1.0671171835032534,-0.4377862742534888,2
1091,-1.9566738842470561,-0.002587620269306384,2
1092,4.449020012470423,0.2875531943438252,2
1093,-1.1428154072777046,-0.2073334034070103,2
1094,-0.9427200279035317,0.7852244218668918,2
1095,4.62699914385801,0.6437364869864413,2
1096,-2.0588321091231645,-1.0671410337327754,2
1097,-0.944043471308651,-0.12127711654282096,2
1098,4.84832690540946,0.7140564317415702,2
1099,-3.044776608406016,-1.2308705445361756,2
1100,-1.5735965591926182,-0.7419929379848667,2
1101,3.874598881370973,-0.4427116018215547,2
1102,-1.609321208322129,1.1079677160215018,2
1103,0.3004092738747848,1.6939934004176527,2
1104,3.383468780158845,-0.09058109373055716,2
1105,-0.3821318628212338,1.029418444128346,2
1106,2.1801957008385737,1.8798139851778914,2
1107,2.992030416314885,-0.07107212420824864,2
1108,-0.8849655373409158,-0.59276912197334,2
1109,1.323109365071004,-0.660137414473452,2
1110,2.75139310246133,0.054184289500632296,2
1111,-2.324946114458185,-1.5692221555266843,2
1112,2.8773981588196142,1.6823352603756794,2
1113,2.386580036437564,-0.09519827622124721,2
1114,-1.7114063220747557,0.32840539898503907,2
1115,2.4609727944555653,-0.13543728562571566,2
1116,2.2602432619489305,0.10482556443131481,2
1117,-1.4243828161395062,0.06867071316372907,2
1118,0.82434300260533,-1.3988911168627731,2
1119,2.4846362091763545,0.4564176715576591,2
1120,-0.41941082930183593,0.8294439131059028,2
1121,0.010752493484723513,-0.7518084626588186,2
1122,4.100233867746503,1.8681478628459551,2
1123,-1.9118084914463924,-1.5754486086870523,2
1124,-0.5750993824687468,-0.606660880367999,2
1125,3.838039737404744,0.17269833517204275,2
1126,-2.7229511240644655,-1.0349528853120722,2
1127,-2.0289113497121303,-1.522472791623661,2
1128,3.173367068630363,-0.23335007029614063,2
1129,-1.665919707188047,0.7732917472807896,2
1130,-2.177312027091021,-0.366366285964527,2
1131,1.5965343758513195,-1.2210636685732168,2
1132,-2.826157556242011,-1.3210220432603716,2
1133,-0.010952780192966527,1.9609242759928593,2
1134,0.8522361268301373,-0.5562737080717006,2
1135,-3.5773098844226143,-1.042180917271176,2
1136,-0.3931107943438754,-0.35600255459428076,2
1137,-0.5968035668852729,-1.3241118742447315,2
1138,-3.16021639638856,0.06926164320408427,2
1139,-1.492986644218784,-1.1016167296765578,2
1140,-0.5276544762353749,0.05600076436744432,2
1141,-3.1096492343494666,-0.24524806639522082,2
1142,-0.9902197588683714,0.3898412580343827,2
1143,-1.8463515346340955,-1.3304638160900797,2
1144,-4.013068864332308,-1.1860188404827623,2
1145,-0.314677968641083,0.6351140183301154,2
1146,-0.929142239412382,0.7758516100880379,2
1147,-2.316493761927071,1.30770641805254,2
1148,-0.38570859333412216,-0.07004206154375292,2
1149,-0.6584743211898206,0.20477571783393525,2
1150,-1.176296465741334,0.9189897491382693,2
1151,0.4161438352028308,0.7816292770728523,2
1152,-0.9245339643495988,-0.32430554897337516,2
1153,-1.1980163493908444,-0.13426562893217622,2
1154,-0.8968338103878524,-1.2501377589329956,2
1155,-0.247948556567279,0.6050805129451469,2
1156,-2.1460118018074184,-1.056349263686107,2
1157,-1.598878669438688,-0.767788636505874,2
1158,0.02391732520880685,0.28451993083181903,2
1159,-0.6532876934577128,1.2938725416112626,2
1160,-1.7699415893537647,-0.3246570831764564,2
1161,-0.9716925524887491,-0.9689858523485605,2
1162,-0.3269449294738361,0.2884303360565305,2
1163,-1.2149648377213653,0.3909689675166487,2
1164,-0.14065920535105347,0.7492831895607728,2
1165,-1.3048686803408658,-0.997062003383689,2
1166,-1.771149331165324,-0.6632256983591757,2
1167,0.40162807038672693,0.558981535317737,2
1168,-2.041231753293978,-0.8531547283794125,2
1169,-1.1386172852393734,0.47181314963849064,2
1170,-0.7008218096600662,-1.030488582622787,2
1171,-1.0875245491925691,0.7679784197210056,2
1172,-1.8131490632101406,-0.7705100429061782,2
1173,-1.6230085998398462,-0.9632622350217596,2
1174,0.18675001748287712,1.1998836883866892,2
1175,-3.301570616560782,-1.6553738738480857,2
1176,-3.068513417298857,-1.5766574714522161,2
1177,0.3730579589796274,0.2686837835836344,2
1178,-1.2971972243967176,1.7011708850911782,2
1179,-2.6872233295794845,0.0836801386436578,2
1180,-1.7140028399036054,-2.009910797445508,2
1181,-0.01189748649472433,1.1995922771571523,2
1182,-2.139411062713546,0.2963489371719737,2
1183,-1.906338279516301,-0.3422226381109736,2
1184,-0.4778832752316929,-0.42671804396414253,2
1185,0.012614264650217644,1.961926436639889,2
1186,-2.68941367469335,-0.9690565330228643,2
1187,0.29231872589788,0.7491816677068349,2
1188,0.41670726752270315,0.42932537882546196,2
1189,-3.8288277726928763,-1.4154457254030672,2
1190,0.2575149329165162,0.02854928466012597,2
1191,0.45459366789475447,0.11527025552208521,2
1192,-1.3883834211031392,2.050440488312337,2
1193,0.5749414984794419,0.3525159563866611,2
1194,0.16261302970688354,-0.23838685217215852,2
1195,-1.0309766226773216,0.21119291103364043,2
1196,-0.20395185407970318,-0.7127155667814965,2
1197,-0.3039180242353444,-0.4379204662039694,2
1198,-1.4217745531132744,-0.4888168939205344,2
1199,1.4081603763776616,1.6089739708228805,2
1200,1.5378986679297704,1.8115610315089365,2
1201,-1.065917458454608,0.18421904890426472,2
1202,1.4008777581027072,0.12881360726806004,2
1203,1.489978884698234,0.10252048056495952,2
1204,-0.2513925093857049,0.6790246367954329,2
1205,1.4951815894800833,0.22200574343452156,2
1206,1.7115962797668456,0.3581773927374912,2
1207,-0.622094048943228,-0.4279085691885628,2
1208,0.3005243609561399,-1.0560340918841713,2
1209,0.5116291960005901,-1.0255917589097001,2
1210,-1.730247676824081,-1.1784845683447431,2
1211,0.227903496468606,-0.030382243583684992,2
1212,-0.34729182067858794,-0.7927346552755643,2
1213,-3.3344644221979607,-1.7760476298141878,2
1214,1.6783968844939834,1.5101013001010035,2
1215,-2.7239292922896685,-2.3948059783019,2
1216,-2.453612662675713,0.5578606413804084,2
1217,0.37138474466400306,-1.0873970318309283,2
1218,-3.7752363436931375,-1.3028777014523185,2
1219,0.7588253598461017,3.001115272244535,2
1220,-1.1349235642329512,-1.4390057245920835,2
1221,-3.6169723398200238,-0.21549864845233102,2
1222,0.3573094405932979,-0.2781144242276639,2
1223,-2.075093497535941,-1.0210656607340176,2
1224,-1.7593645677616803,1.5130883786457676,2
1225,-0.5406492537328996,-0.8238831696138915,2
1226,-0.6296933767852397,1.2608909092120533,2
1227,-1.4747312292552488,0.12040030803544487,2
1228,0.4221814570541068,0.9298100314741213,2
1229,-0.40603382953294614,0.171215707295781,2
1230,-1.258146729826026,0.0689499002284863,2
1231,-0.006072834393896054,-0.36939434014900246,2
1232,-1.1044954060029173,-0.7264227637810665,2
1233,-0.6221248854009113,0.5213128538464803,2
1234,0.8361698623867827,0.8589016162553275,2
1235,-2.382424014095939,-1.3905185984631718,2
1236,0.019543734258039125,0.5949186726359509,2
1237,-1.934586665154658,-2.6635107385043835,2
1238,-1.0267756003741262,1.1365564416211855,2
1239,-1.2382985204804104,-1.2262742586573578,2
1240,-0.8097819301475984,0.953996809700139,2
1241,-0.2490659933780568,0.6955128514649369,2
1242,-1.1373278237402302,-0.012270676072604049,2
1243,-0.5930420665976449,0.14962560870637656,2
1244,-1.4148802073172786,-1.1734171143736487,2
1245,0.015677226993941584,1.059351491099298,2
1246,0.046485495606948146,0.594215385348062,2
1247,-0.573577155751598,0.699193403607944,2
1248,0.600461988681227,0.591623400988126,2
1249,0.6930000199791062,0.6508942256035566,2
1250,0.637692938354716,1.1409777584445508,2
1251,2.4865023955611756,1.9327796761647331,2
1252,1.4698488047457912,0.8149068334254366,2
1253,-0.6160479812995828,-1.2295351378218968,2
1254,1.1632335516658363,-1.0831566125736838,2
1255,1.4080109147670354,0.07967513479216061,2
1256,0.734646755976499,1.2633774944817948,2
1257,1.4152428233205643,0.3469060501138764,2
1258,1.976277225973579,0.6875685068902764,2
1259,1.085039698469006,0.3899424175972156,2
1260,0.9558086061075495,-0.34852310412538423,2
1261,2.352492674702707,0.5534346882807203,2
1262,0.9155935341852617,-0.09402520724494629,2
1263,-1.6688622411678964,-2.5617708487535706,2
1264,2.5555900560729166,0.4458793359103066,2
1265,0.335064587620942,-0.4978368712948437,2
1266,-2.3306739290918133,-0.857604458477645,2
1267,2.7032450899972384,0.4231701329463217,2
1268,0.5523854191684272,0.24710157870052518,2
1269,-2.9254242243082356,-0.8603739932172603,2
1270,1.8599297091493927,-0.549260483796724,2
1271,-0.010312007341421958,-0.49680393944141804,2
1272,-2.1512618847604865,0.46312374009884627,2
1273,3.159459521876009,1.5071385225625746,2
1274,-0.4005874925515905,-0.40138866231546594,2
1275,-0.044577723845167005,1.8639692521460267,2
1276,2.392120310441255,-0.4469416070831851,2
1277,0.9580533065121065,1.295106623942577,2
1278,0.009810423308877558,0.01642863859999424,2
1279,0.6864607745085431,-1.4761261421867966,2
1280,1.5578525420592215,0.6886418542201515,2
1281,1.4658825458014104,1.434610031657743,2
1282,-0.05336570842801247,-0.7014177563643077,2
1283,2.21317013000652,0.7969776737794866,2
1284,1.55527959326646,0.2143872578294055,2
1285,0.3779702099228297,0.38831485027531115,2
1286,2.741247435273345,0.7300618202355842,2
1287,1.838776490674156,0.40783268028237996,2
1288,0.9464182960805282,0.5604448678905064,2
1289,3.333253901789788,0.8382792621762309,2
1290,1.8772963712469737,0.1796008076615303,2
1291,-0.7863120278418545,-1.6901939970446975,2
1292,4.2597252450514524,1.2488868900065913,2
1293,2.4962628658302877,0.7719619995359152,2
1294,0.640201720697349,1.2803226646462007,2
1295,2.438079087909767,-1.4270382785018163,2
1296,2.596554052033821,0.31913466470049084,2
1297,-0.33446610941402366,-0.9609939894410737,2
1298,1.5978558576910178,-0.6190362008539706,2
1299,0.7108531869443939,-1.6386793573688152,2
1300,-1.3812291232894045,-1.1032967152631372,2
1301,1.5360885733504799,0.10472206079201385,2
1302,1.6433696059193887,1.0020531431688235,2
1303,-1.2062713933140046,0.005040235853760581,2
1304,1.6542380365182705,0.26738733837678486,2
1305,0.6862983902761024,-0.79721392148339,2
1306,-2.4595761435690306,-1.3973372538543702,2
1307,0.822822854152459,-0.6482586011810553,2
1308,1.2370551069065705,0.635754088552244,2
1309,-1.7849443258820021,0.4080754237195353,2
1310,0.4126583837874494,-0.3224032927600095,2
1311,2.423617919500826,1.3239911827058577,2
1312,-2.2435257332290854,-0.6654386029681659,2
1313,-0.7245142929734514,-1.0977077602448733,2
1314,2.9174971851655758,0.765921457876858,2
1315,-1.7491164687040368,0.248126862280219,2
1316,-0.6763599705792397,-0.035980914067748795,2
1317,3.6124000839147925,1.0109073816586072,2
1318,-0.28267694106256047,1.2621674796377171,2
1319,0.1311836919817554,0.7066104340745487,2
1320,3.666288988673413,0.41664384564090773,2
1321,1.3779226272689467,1.5943571474186995,2
1322,0.05573573512059081,-0.11277170382241265,2
1323,3.1231103967376184,-0.19088627669234912,2
1324,1.1002119968962254,-0.17170682896440886,2
1325,0.616237337586078,0.5238419520412079,2
1326,5.310025684327636,2.482061833918957,2
1327,2.5507387643961517,1.501285336970412,2
1328,3.1876305770210127,2.5544093287063045,2
1329,4.17779243335154,-0.6586143759575052,2
1330,2.9651798724906695,0.5958607544304075,2
1331,3.0569296633756626,0.1166324209983288,2
1332,3.7043207555228164,-0.11591352985223316,2
1333,3.4220701744516466,0.6857957850210595,2
1334,3.147835645349156,0.32533503901131516,2
1335,1.9719176627730632,-1.4276700753954799,2
1336,5.428158577665484,2.29709788757778,2
1337,3.6141209518540136,0.7070681086353874,2
1338,2.0057289570018937,0.14058026521094183,2
1339,5.210501105440098,0.26895988645260355,2
1340,2.7140316340608415,-0.6108395232321906,2
1341,2.8276406792437605,0.943239290547047,2
1342,3.3097377181165517,-1.4351299999125833,2
1343,2.5625940077613274,0.05859175313296707,2
1344,3.6988875980283695,1.0952876694502063,2
1345,3.978703491506487,0.9373247291436938,2
1346,1.965670802870271,-0.4174397150102723,2
1347,3.3875530929063276,-0.0008894882629726763,2
1348,2.060954756147333,-1.5734106251662714,2
1349,3.1308489713364493,1.3072601702626687,2
1350,2.3218284535675418,-0.7788873673229911,2
1351,0.595282966266369,-1.3141030885152705,2
1352,4.066783751229015,1.2198485628278717,2
1353,1.5436509054232315,-0.59261536996251,2
1354,-0.3299079207256067,-0.9217669369318614,2
1355,4.1095226198296935,0.4372798138766036,2
1356,1.6828656091367,0.2557836472647508,2
1357,0.20412446442238968,0.4431177107857718,2
1358,5.503283962848862,1.785843704266546,2
1359,1.8725680501465343,0.3009149176507917,2
1360,-1.3030136574981257,-1.5604841956082303,2
1361,6.34272831556778,1.3840772050773202,2
1362,-0.39922348668225993,-2.1349318783948372,2
1363,-2.775970259232256,-1.6626930157727984,2
1364,4.313445318465477,-1.36325822808638,2
1365,-1.2096779478388764,-0.8657515604171747,2
1366,-2.548427277953531,-0.08109171835076634,2
1367,3.0479713567806286,-0.7965483775803769,2
1368,-1.698057720601075,-0.6143430083343573,2
1369,-2.0281757681660397,0.25190964563034285,2
1370,1.9275576966693284,-0.7783541895455663,2
1371,-1.7612341795215096,-0.23197605026557502,2
1372,-1.7042413433099919,0.11945361286796574,2
1373,1.2388946484914294,-0.46125252328265115,2
1374,-1.3982119414960996,0.19155228702144483,2
1375,-2.4177273575055036,-0.8823169755964642,2
1376,1.1534904265427472,0.07664463589047682,2
1377,-0.2611876563376887,1.0098454603184286,2
1378,-2.0603648078895214,0.1066667861633811,2
1379,-0.3655045733799369,-1.3804304326261374,2
1380,-0.2149059339987947,0.0444216505178197,2
1381,-1.9534246343836432,-0.09329220220928665,2
1382,0.05481612746144299,0.4054535491872106,2
1383,-0.02876849272175805,0.1836329329463792,2
1384,-2.9770347251551943,-1.219213030557312,2
1385,-0.46239992048487677,-0.4816764030214059,2
1386,-0.11749711190613064,-0.057211122000147684,2
1387,-2.6199915297382517,0.06513869322533321,2
1388,1.0562837922764294,1.4998186071292623,2
1389,-0.06944274425590916,0.05194173383422665,2
1390,0.2547488849521611,2.6028728512363823,2
1391,0.8638814117327026,-0.08862706272304642,2
1392,0.07390646081142957,0.12521862767489916,2
1393,-0.0814586794934801,-0.3201105546758664,2
1394,-0.27196358532426657,-1.0493813336968785,2
1395,-1.0313330226213315,-1.0943146147034406,2
1396,0.9409113630750254,1.0272571406986135,2
1397,-0.5095790533294282,-0.2639076099421252,2
1398,-1.137639068054733,-0.21375267079299062,2
1399,0.7008519286336298,-0.1294961169200515,2
1400,-1.0538788844978983,-0.5908898651072019,2
1401,-0.45304686135208017,0.5743585694558224,2
1402,2.0140628858551706,1.3983654075434035,2
1403,-1.6482233813124079,-0.7153425455093303,2
1404,-0.6679881652729034,-0.26390438510145886,2
1405,3.6053541011393992,1.8158596193355987,2
1406,-3.545793186195496,-2.091765802372994,2
1407,-1.61067437346123,-1.010080633865056,2
1408,2.603579344925143,-0.5896746705037496,2
1409,-2.894077134490732,0.2872076833705751,2
1410,0.36821730080344284,1.8207292148142058,2
1411,1.2107581907333655,-1.10720462136239,2
1412,-1.8132522788935106,0.7756273872327799,2
1413,0.8900833304022795,0.5647127005607824,2
1414,1.240095869745931,0.15964518757081428,2
1415,-2.31356789205267,-0.7029426330499926,2
1416,0.3834332905049333,-0.40690698663405084,2
1417,0.8435676898513617,-0.253217246904499,2
1418,-2.0800264636652397,-0.010085370621399652,2
1419,-0.006137837951057767,-0.338863211667359,2
1420,3.0054401440522436,2.267090866202181,2
1421,-2.547161231021458,-0.7051304367837541,2
1422,-1.0333012339048813,-1.032359968879237,2
1423,1.9790261076327527,-0.6900653973650029,2
1424,-1.751074982075166,0.5319128771068676,2
1425,-0.2348922527074957,0.6927993465513216,2
1426,1.1489925287472873,-0.6122712957743635,2
1427,-2.2568824307416806,-0.6900559496344292,2
1428,-0.6582439396696338,-0.43576201321294367,2
1429,1.7575031446717997,0.7525611325033542,2
1430,-1.376222453768373,0.643979141849118,2
1431,-0.8880475655267461,-0.29944082673311007,2
1432,0.7438627483984184,-0.8152473816132502,2
1433,-1.770307088682959,-0.5302650321201401,2
1434,-1.4030283602070526,-0.5935211078301358,2
1435,-1.0380127449253345,-1.675755863995011,2
1436,-2.915236974110538,-1.2975501832445513,2
1437,-1.4715156086256551,-0.16925758724894896,2
1438,-0.6236771226167273,0.3544018736434358,2
1439,-1.9914018873519166,0.653263316659992,2
1440,-0.6157497537512882,0.7347650841114879,2
1441,-0.6654381193632526,-0.07805719259716605,2
1442,-2.032300666186307,-0.2272270888384363,2
1443,-1.9239314832552068,-1.3427793170235518,2
1444,0.001734649043860892,0.6401912779652035,2
1445,-1.1976337000638162,0.6506588678459735,2
1446,-2.2110498566308574,-0.46755253119097173,2
1447,-0.13764369917299424,-0.10511804774552232,2
1448,-1.8175590014842737,-0.7162017358688005,2
1449,-1.2308326668303997,0.7786642311439443,2
1450,-1.2022266715511774,-1.0478634256123358,2
1451,-2.5674879761985547,-0.9073542814788926,2
1452,-1.1257108617997589,0.019735684825098198,2
1453,-1.6671522799848857,-0.5482162872088429,2
1454,-2.3353720630008206,0.003295746995725265,2
1455,-2.08042456508859,-1.0272595460389498,2
1456,-0.6527110807344597,0.8918839375328317,2
1457,-1.6333660517503865,0.4958001614085827,2
1458,-1.0201751905644356,0.8750676893401439,2
1459,-0.2337873609460347,0.38018802413812736,2
1460,-1.197414781732391,0.2851542903580616,2
1461,-1.05479429968573,-0.12232460675095365,2
1462,0.3168016639560497,0.5497323796216621,2
1463,-0.5894101693437277,0.4956430605727211,2
1464,-0.0685948244487452,0.8834461303222886,2
1465,0.7283086886658756,0.4497672410433556,2
1466,-2.319114096487362,-1.7952420827201783,2
1467,0.6008264942906891,0.6784698903727747,2
1468,0.4193391380766325,-0.21895580570068887,2
1469,-1.36512450014583,0.7118765303691228,2
1470,-0.045173041014109794,-0.576459032255038,2
1471,1.1000560981746415,0.7367538493172716,2
1472,0.6946290857781994,1.9126923053378413,2
1473,-0.8044898921263993,-0.781781007053229,2
1474,0.5485734834365479,-0.44037839685714736,2
1475,3.8478158632828556,3.2252088501693748,2
1476,-1.1912496539302442,-0.5111726444836788,2
1477,1.639737925190857,1.1194561280044377,2
1478,5.159387861215737,1.69186870154856,2
1479,-3.6729779483607983,-2.6688445176876447,2
1480,2.693180632146046,1.2025524003457253,2
1481,4.465226685935761,-0.168424415996255,2
1482,-3.6388262176113084,-0.40473013726740786,2
1483,2.787818011130124,0.35569143751543764,2
1484,4.673317148761936,0.6631232134845632,2
1485,-2.1440286831999558,1.056303561051301,2
1486,1.1451648354380433,-1.3891642592346882,2
1487,4.213692915091192,0.017696119683068712,2
1488,-1.3749381553037692,0.5010990820708988,2
1489,2.4275098629659464,1.368473963473833,2
1490,4.4136899947473704,0.6108406540886755,2
1491,-0.8868741829205118,0.2821581582757473,2
1492,3.6568884323007342,1.436861397513114,2
1493,3.941365613139834,-0.05865552462660206,2
1494,-3.0949243764351952,-2.3727201522611403,2
1495,2.6229806580781148,-0.6766833433595925,2
1496,2.710517642290289,-0.8319919723519908,2
1497,-0.8900488319529005,1.8420481238350912,2
1498,2.123875951094175,-0.25501132927950215,2
1499,2.684471614327877,0.23266746507520433,2
